[
    {
        "id": 1,
        "title": "Engineering Thermodynamics",
        "author": "F. Scott Fitzgerald",
        "genre": "Classic",
        "type": "Hardcover",
        "price": 15.99,
        "availability_status": "In Stock",
        "publisher": "Charles Scribner's Sons",
        "publication_year": 1925,
        "isbn": "9780743273565",
        "pages": 180,
        "language": "English",
        "rating": 4.4,
        "department": "engineering",
        "image": "./thermoeng.webp"
    },
    {
        "id": 2,
        "title": "cloud computing",
        "author": "George Orwell",
        "genre": "Dystopian",
        "type": "Paperback",
        "price": 9.99,
        "availability_status": "In Stock",
        "publisher": "Secker & Warburg",
        "publication_year": 1949,
        "isbn": "9780451524935",
        "pages": 328,
        "language": "English",
        "rating": 4.7,
        "department": "computer science",
        "image": "./cloudcompsci.webp"
    },
    {
        "id": 3,
        "title": "Medicine Management Skills",
        "author": "Harper Lee",
        "genre": "Fiction",
        "type": "Hardcover",
        "price": 18.99,
        "availability_status": "Out of Stock",
        "publisher": "J.B. Lippincott & Co.",
        "publication_year": 1960,
        "isbn": "9780061120084",
        "pages": 281,
        "language": "English",
        "rating": 4.8,
        "department": "medicine",
        "image": "./nursemed.webp"
    },
    {
        "id": 4,
        "title": "Roman Art",
        "author": "Herman Melville",
        "genre": "Adventure",
        "type": "Paperback",
        "price": 12.99,
        "availability_status": "In Stock",
        "publisher": "Harper & Brothers",
        "publication_year": 1851,
        "isbn": "9781503280786",
        "pages": 635,
        "language": "English",
        "rating": 4.0,
        "department": "arts",
        "image": "./romart.webp"
    },
    {
        "id": 5,
        "title": "The Law of Tax-Exempt",
        "author": "J.D. Salinger",
        "genre": "Fiction",
        "type": "E-book",
        "price": 7.99,
        "availability_status": "In Stock",
        "publisher": "Little, Brown and Company",
        "publication_year": 1951,
        "isbn": "9780316769488",
        "pages": 277,
        "language": "English",
        "rating": 4.3,
        "department": "law",
        "image": "./taxlaw.webp"
    },
    {
        "id": 6,
        "title": "Art in Theory: The West in The World",
        "author": "Jane Austen",
        "genre": "Romance",
        "type": "Paperback",
        "price": 10.99,
        "availability_status": "In Stock",
        "publisher": "T. Egerton, Whitehall",
        "publication_year": 1813,
        "isbn": "9780141040349",
        "pages": 279,
        "language": "English",
        "rating": 4.5,
        "department": "arts",
        "image": "./arts.webp"
    },
    {
        "id": 7,
        "title": "Engineering Statistics",
        "author": "Aldous Huxley",
        "genre": "Dystopian",
        "type": "Hardcover",
        "price": 14.99,
        "availability_status": "In Stock",
        "publisher": "Chatto & Windus",
        "publication_year": 1932,
        "isbn": "9780060850524",
        "pages": 268,
        "language": "English",
        "rating": 4.6,
        "department": "engineering",
        "image": "./statseng.webp"
    },
    {
        "id": 8,
        "title": "Cell Biology",
        "author": "J.R.R. Tolkien",
        "genre": "Fantasy",
        "type": "Hardcover",
        "price": 22.99,
        "availability_status": "In Stock",
        "publisher": "George Allen & Unwin",
        "publication_year": 1937,
        "isbn": "9780345339683",
        "pages": 310,
        "language": "English",
        "rating": 4.9,
        "department": "medicine",
        "image": "./cellbio.webp"
    },
    {
        "id": 9,
        "title": "Introduction to Information Systems",
        "author": "J.K. Rowling",
        "genre": "Fantasy",
        "type": "Hardcover",
        "price": 24.99,
        "availability_status": "In Stock",
        "publisher": "Bloomsbury",
        "publication_year": 1997,
        "isbn": "9780747532699",
        "pages": 223,
        "language": "English",
        "rating": 4.8,
        "department": "computer science",
        "image": "./infosys.webp"
    },
    {
        "id": 10,
        "title": "Survey Methodology",
        "author": "Dan Brown",
        "genre": "Thriller",
        "type": "Paperback",
        "price": 11.99,
        "availability_status": "In Stock",
        "publisher": "Doubleday",
        "publication_year": 2003,
        "isbn": "9780385504201",
        "pages": 454,
        "language": "English",
        "rating": 4.2,
        "department": "surveying",
        "image": "./surv.webp"
    },
    {
        "id": 11,
        "title": "Business law",
        "author": "Paulo Coelho",
        "genre": "Fiction",
        "type": "Paperback",
        "price": 14.50,
        "availability_status": "Out of Stock",
        "publisher": "HarperOne",
        "publication_year": 1988,
        "isbn": "9780061122415",
        "pages": 208,
        "language": "English",
        "rating": 4.6,
        "department": "law",
        "image": "./busilaw.webp"
    },
    {
        "id": 12,
        "title": "Practical Surveying",
        "author": "J.R.R. Tolkien",
        "genre": "Fantasy",
        "type": "Hardcover",
        "price": 28.99,
        "availability_status": "In Stock",
        "publisher": "George Allen & Unwin",
        "publication_year": 1954,
        "isbn": "9780261103573",
        "pages": 423,
        "language": "English",
        "rating": 4.9,
        "department": "surveying",
        "image": "./precsurv.webp"
    },
    {
        "id": 13,
        "title": "Medicine at a glance",
        "author": "Leo Tolstoy",
        "genre": "Historical Fiction",
        "type": "Hardcover",
        "price": 39.99,
        "availability_status": "In Stock",
        "publisher": "The Russian Messenger",
        "publication_year": 1869,
        "isbn": "9780140447934",
        "pages": 1225,
        "language": "English",
        "rating": 4.4,
        "department": "medicine",
        "image": "./medicineglance.webp"
    },
    {
        "id": 14,
        "title": "Computing Fundamentals",
        "author": "Stephen King",
        "genre": "Horror",
        "type": "Paperback",
        "price": 12.99,
        "availability_status": "In Stock",
        "publisher": "Doubleday",
        "publication_year": 1977,
        "isbn": "9780307743657",
        "pages": 447,
        "language": "English",
        "rating": 4.6,
        "department": "computer science",
        "image": "./comptsci.webp"
    },
    {
        "id": 15,
        "title": "Introduction to Engineering",
        "author": "Suzanne Collins",
        "genre": "Dystopian",
        "type": "Hardcover",
        "price": 18.50,
        "availability_status": "In Stock",
        "publisher": "Scholastic Press",
        "publication_year": 2008,
        "isbn": "9780439023528",
        "pages": 374,
        "language": "English",
        "rating": 4.3,
        "department": "engineering",
        "image": "./introeng.webp"
    },
    {
        "id": 16,
        "title": "Computer Theory",
        "author": "Paula Hawkins",
        "genre": "Thriller",
        "type": "Paperback",
        "price": 9.99,
        "availability_status": "In Stock",
        "publisher": "Riverhead Books",
        "publication_year": 2015,
        "isbn": "9781594633669",
        "pages": 395,
        "language": "English",
        "rating": 4.1,
        "department": "computer science",
        "image": "./theocompsci.webp"
    },
    {
        "id": 17,
        "title": "Biochemical Engineering",
        "author": "Alex Michaelides",
        "genre": "Thriller",
        "type": "Hardcover",
        "price": 17.99,
        "availability_status": "In Stock",
        "publisher": "Celadon Books",
        "publication_year": 2019,
        "isbn": "9781250301697",
        "pages": 325,
        "language": "English",
        "rating": 4.0,
        "department": "engineering",
        "image": "./biochem eng.webp"
    },
    {
        "id": 18,
        "title": "Generative AI,Cybersecurity and Ethics",
        "author": "Gillian Flynn",
        "genre": "Thriller",
        "type": "Paperback",
        "price": 8.99,
        "availability_status": "In Stock",
        "publisher": "Crown Publishing Group",
        "publication_year": 2012,
        "isbn": "9780307588371",
        "pages": 422,
        "language": "English",
        "rating": 4.5,
        "department": "computer science",
        "image": "./aicompsci.webp"
    }
]
